"start","end","text"
"1160","5580"," Chers étudiants, nous entamons le dernier chapitre de"
"5580","9140"," l'immunopathologie de cette année, un chapitre consacré"
"9140","10680"," à l'immunothérapie."
"101470","107510"," L'immunothérapie, appelée également immunohintervention, consiste à intervenir"
"107510","110030"," sur le système immunitaire à plusieurs niveaux."
"110650","113450"," Soit pour corriger un état de déficit immunitaire,"
"114770","116470"," c'est ce qu'on appelle la substitution,"
"117410","121650"," ou le remplacement d'un acteur qui fait"
"121650","126810"," défaut, soit pour activer des acteurs du système"
"126810","132210"," immunitaire par une vaccination ou une stimulation, soit"
"132210","136790"," pour réguler des éléments du système immunitaire qui"
"136790","138590"," sont en déséquilibre, c'est ce qu'on"
"138590","142410"," appelle l'immunomodulation, soit pour induire un état"
"142410","145510"," d'inhibition ou d'immunosuppression. "
"145510","151610"," Cette immunothérapie trouve plusieurs indications en pratique clinique."
"152410","156070"," Elle est généralement administrée soit à visée préventive"
"156070","160210"," pour prévenir des infections, ou même certains cancers,"
"160370","163350"," on verra des exemples, soit à visée thérapeutique"
"163350","167970"," pour traiter soit des maladies inflammatoires, des maladies"
"167970","171570"," infectieuses, des maladies auto-immunes et également des"
"171570","172090"," myoplasies."
"173060","174930"," L'intérêt de ce chapitre est dans le"
"174930","178330"," fait que cette immunothérapie est d'abord une"
"178330","182210"," nécessité de prise en charge de beaucoup de"
"182210","183570"," maladies, d'essais immunitaires. "
"184210","187290"," Deuxièmement, elle a démontré son efficacité à travers"
"187290","190510"," des études cliniques et prouvées scientifiquement."
"191490","196470"," Troisièmement, il offre également des perspectives prometteuses pour"
"196470","200330"," prendre davantage en charge des maladies et d "
"200330","200890","'essais immunitaires."
"202090","204750"," Je vous propose ainsi d'aborder ce chapitre"
"204750","206510"," à travers trois axes. "
"206930","210190"," Le premier axe sera consacré à la vaccination,"
"211470","216090"," en étudiant les réponses immunitaires post-vaccinales et"
"216090","220410"," la notion de mémoire immunologique, également la cynique"
"220410","223370"," de la réponse humorale post-vaccinale, les mécanismes"
"223370","227970"," protecteurs induits selon le type de vaccin, les"
"227970","231210"," facteurs qui influencent la réponse post-vaccinale et"
"231210","234850"," avec également quelques notes sur les nouvelles approches"
"234850","236230"," vaccinales."
"236770","239190"," Comme deuxième axe, nous allons traiter les immunoglobules"
"239190","243710"," polyvalentes en abordant les objectifs de leur utilisation"
"243710","247690"," et les mécanismes de leurs actions, mais également"
"247690","249150"," les indications cliniques."
"249850","253190"," Et en troisième axe, nous traiterons l'immunosuppression,"
"254010","258110"," notamment les corticoïdes, les immunosuppresseurs et puis en"
"258110","260130"," dernier les anticorps monoclobules. "
"552600","554360"," Suite à l'introduction d'un vaccin dans"
"554360","557440"," un organisme, on va assister au développement de"
"557440","561520"," différentes réponses immunitaires avec une mémoire immunologique."
"562420","564520"," La reconnaissance d'un endogène vaccinal par un"
"564520","569060"," lymphocyte B naïf va entraîner l'activation de"
"569060","572740"," ce lymphocyte B qui va se différencier en"
"572740","574820"," plasmocytes producteurs d'anticorps."
"574820","578820"," Ces anticorps vont devoir subir deux phénomènes importants. "
"579440","583380"," Le premier consiste à assurer une maturation d "
"583380","585960","'affinité à travers ce qu'on appelle l "
"585960","589080","'hypermutation somatique, un phénomène qui s'opère au"
"589080","591600"," niveau des régions hypervariables des immunoglobulines."
"593120","597380"," Deuxièmement, comme ces anticorps sont initialement de type"
"597380","600120"," IgM, ils vont subir un deuxième phénomène qui"
"600120","603120"," s'appelle la commutation ésotépique qui consiste tout"
"603120","606400"," simplement à convertir l'IgM en d'autres"
"606400","609420"," classes, notamment l'IgG et l'IgA."
"610040","612920"," Avec ces plasmocytes producteurs d'anticorps spécifiques, on"
"612920","615900"," va assister également à la maturation de lymphocytes"
"615900","617740"," B et de plasmocytes mémoires. "
"619600","624220"," Souvent, ces antigènes vaccinaux nécessitent également une coopération"
"624220","626680"," entre des lymphocytes B et des lymphocytes T,"
"627140","628720"," notamment des lymphocytes helper."
"629410","632440"," Ces lymphocytes helper vont, grâce à la coopération"
"632440","636360"," entre lymphocytes B et T, assurer ou favoriser"
"636360","639360"," ce phénomène de commutation ésotépique dont je viens"
"639360","639720"," de parler."
"641280","645360"," Également, certains antigènes vaccinaux vont nécessiter, à côté"
"645360","648540"," de la réponse humorale qui est prédominante, une"
"648540","649400"," réponse cellulaire. "
"650340","652980"," Cette réponse cellulaire sera mediée par des lymphocytes"
"652980","656940"," cytotoxiques, appelés CTL, qui vont donc assurer cette"
"656940","658840"," branche cellulaire de la réponse immunitaire."
"660080","664340"," À l'image de la réponse mémoire médiée"
"664340","666700"," par des lymphocytes B et plasmocytes mémoires, on"
"666700","669900"," va assister également à des lymphocytes T mémoires"
"669900","673640"," qui vont compléter cette mémoire immunologique nécessaire à"
"673640","679900"," maintenir la réponse productrice contre les agents pathogènes"
"679900","684400"," pour prévenir une nouvelle infection liée à cet"
"684400","686860"," antigène vaccinal initialement administré."
"749040","753580"," Comme la réponse immunitaire post-vaccinale est essentiellement"
"753580","756080"," d'ordre humoral, on va voir à travers"
"756080","761680"," ce graphique qui dessine la cinétique d'évolution"
"761680","765580"," des différents anticorps produits lors de la vaccination,"
"766160","768200"," mais également leur concentration. "
"768200","770160"," On va voir que lors de la première"
"770160","772480"," exposition à cet antigène vaccinal, on va assister"
"772480","773980"," à ce qu'on appelle la réponse primaire."
"774580","777540"," Cette réponse primaire fait simplement suite à l "
"777540","780280","'activation des lymphocytes B qui se différencie en"
"780280","781740"," plasmocytes producteurs d'IgM."
"782300","788120"," Ces IgM vont diminuer pour disparaître et laisser"
"788120","791120"," la face après à l'apparition des IgG"
"791120","793760"," ou bien d'autres classes, notamment les IgA,"
"793760","796960"," suite à l'application de cette collaboration entre"
"796960","798520"," les lymphocytes T et les lymphocytes B, mais"
"798520","801900"," également à un début de l'installation de"
"801900","804200"," cellules de mémoire immunologique. "
"805020","807760"," Lors de la deuxième exposition à l'antigène"
"807760","810760"," vaccinal, on va assister à une réponse secondaire."
"811760","814020"," Cette réponse secondaire fait suite à l'activation"
"814020","818620"," des lymphocytes T avec cette mémoire immunologique qui"
"818620","819180"," s'installe."
"819180","822600"," Cette réponse immunitaire secondaire est caractérisée par le"
"822600","823680"," fait qu'elle est 1."
"823900","824800"," précoce 2."
"825260","827260"," durable dans le temps et 3."
"827260","827960"," plus intense. "
"828060","829660"," Vous voyez un petit peu le plateau des"
"829660","830080"," IgG."
"830900","834840"," Elle est également caractérisée par des immunoglobulins, des"
"834840","838040"," anticorps de forte affinité parce qu'il y"
"838040","840800"," avait ce phénomène de permutation somatique qui permet"
"840800","843480"," aux anticorps d'avoir une meilleure affinité vis "
"843480","844580","-à-vis de l'antigène vaccinal."
"849030","851530"," Un autre aspect qui est aussi important lorsqu "
"851530","854450","'on parle des mécanismes protecteurs, c'est que"
"854450","856470"," ces derniers dépendent justement du type de vaccin. "
"857110","860410"," Généralement, on distingue plusieurs catégories de vaccins."
"861090","863730"," Vous voyez sur la colonne à gauche, soit"
"863730","866270"," des vaccins dits vivants atténués, soit des vaccins"
"866270","869970"," dits inertes ou entiers qui sont inactivés, des"
"869970","872750"," vaccins à la base de toxines, qu'on"
"872750","875450"," appelle des toxoïdes, puis des vaccins dits sous "
"875450","878390","-unités ou des vaccins antigéniques, puis des vaccins"
"878390","880390"," de type polysaccharidique, et à la fin des"
"880390","882550"," vaccins dits conjugués."
"883490","885730"," Face à chaque catégorie, vous avez un ensemble"
"885730","888270"," de pathogènes pour lesquels on vaccine. "
"888910","891910"," L'exemple ici des vaccins de type pollu"
"891910","895190"," oral ou AOR, ça veut dire rejol, orion,"
"895410","896730"," rubiol ou varicel."
"897070","899930"," Ils induisent donc une réponse de type anticorps"
"899930","902470"," avec des anticorps neutralisants associés à une réponse"
"902470","905450"," de type laplusitaire CD4, CD8."
"905450","909490"," Alors que le vaccin du BCG, c'est"
"909490","911550"," quasiment des laplusités CD4. "
"912190","915470"," Par contre ici, dans la famille des vaccins"
"915470","918250"," dits inactivés, l'hépatite A c'est quasiment"
"918250","921510"," uniquement des anticorps dits neutralisants, de la même"
"921510","924610"," façon pour les vaccins de type toxoïdes."
"925350","927550"," Vous allez distinguer ici, lorsque j'arrive au"
"927550","931310"," niveau des vaccins dits polysaccharidiques, vous avez type"
"931310","934910"," pneumocoque, myagocoque, lymophilus, on n'a que des"
"934910","938070"," anticorps dits de type opsonisant, dirigés contre la"
"938070","938450"," capsule."
"939070","940550"," Il n'y a pas visiblement de mémoire"
"940550","941170"," immunologique. "
"941850","945290"," Par contre, lorsqu'on conjugue ces vaccins à"
"945290","949190"," des protéines, ce sont des vaccins conjugués, on"
"949190","951990"," va assister donc certes à des anticorps dits"
"951990","955690"," protecteurs de type opsonisant, mais aussi à l "
"955690","957290","'installation d'une réponse mémoire."
"957290","960150"," Voilà un petit peu pour comprendre la différence"
"960150","964930"," entre le type de réponse immunitaire protectrice qui"
"964930","966950"," est justement conditionné par le type de vaccin"
"966950","969190"," et la famille ou la catégorie à laquelle"
"969190","971690"," elle appartient, en fonction de l'agent pathogène"
"971690","973970"," contre lequel ce vaccin est administré."
"1051990","1054710"," Afin de mettre encore l'accent sur les"
"1054710","1058090"," particularités de ces vaccins polysaccharidiques, comme vous le"
"1058090","1060550"," savez, les antigènes à la base de polysaccharides,"
"1060550","1064750"," sont directement activés de l'infocyte B et"
"1064750","1066750"," sans avoir recours à l'aide de l "
"1066750","1067350","'infocyte T."
"1068030","1072190"," Ils sont dits antigènes timorindépendants, donc lorsqu'ils"
"1072190","1074950"," seront connus par le VCR, ils vont induire"
"1074950","1078170"," l'activation et la différenciation de l'infocyte"
"1078170","1084050"," B en plasmocytes, produisant uniquement des IgM et"
"1084050","1088770"," parfois des IgG2, sans soi-disant aboutir à"
"1088770","1090050"," des cellules mémoires, donc il n'y a"
"1090050","1091270"," pas de mémoire immunologique. "
"1092050","1094710"," Par contre, lorsqu'on les conjugue à une"
"1094710","1099510"," protéine porteuse, ils vont devoir solliciter l'aide"
"1099510","1100910"," de l'infocyte CT4."
"1101870","1106690"," Ces protéines porteuses vont justement permettre cette collaboration"
"1106690","1109890"," facile avec l'infocyte T, qui va aider"
"1109890","1113090"," à travers des messages cytocliniques, de l'infocyte"
"1113090","1115850"," B à sa différenciation plasmocyte, capable de produire"
"1115850","1117810"," aussi bien des IgM, mais également d'autres"
"1117810","1120130"," classes, en l'occurrence des IgG1 et des"
"1120130","1120570"," IgG3."
"1120750","1123210"," En même temps, ils vont générer des infocytes"
"1123210","1123770"," mémoires. "
"1124650","1129530"," Pourquoi on conjugue ces antigènes polysaccharides, ces vaccins"
"1129530","1134190"," polysaccharides, parce que certains agents pathogènes sont dits"
"1134190","1138170"," encapsulés, qui ont une capsule riche en polysaccharides,"
"1138990","1141790"," par exemple, le plus fréquentant est le pneumococque,"
"1141910","1143930"," l'hémophilus et le méningococque."
"1144150","1147390"," Ces agents pathogènes sont capables de provoquer des"
"1147390","1150530"," infections sévères chez le nouveau-né, notamment aux"
"1150530","1151110"," déménagites."
"1152130","1156230"," Ils confèrent très peu d'immunité chez le"
"1156230","1157050"," nouveau-né vacciné. "
"1157190","1158970"," Du coup, il faut les associer à la"
"1158970","1162570"," conjugaison pour pouvoir protéger cette tranche d'âge"
"1163030","1165210"," contre des infections sévères liées à ces agents"
"1165210","1166310"," pathogènes."
"1211080","1215120"," D'autre part, certains vaccins nécessitent l'association"
"1215120","1215880"," à des adjuvants."
"1216780","1220760"," Les adjuvants sont des substances immunostimulantes, des systèmes"
"1220760","1225040"," immunitaires, très utilisées surtout dans les vaccins inactivés,"
"1225240","1228920"," afin d'améliorer leur immunogénicité en retardant leur"
"1228920","1232620"," élimination de l'organisme et en induisant également"
"1232620","1236720"," une réaction inflammatoire locale par activation du macrophage,"
"1236720","1241040"," voire même en induisant un granulone local au"
"1241040","1243580"," site de l'injection du vaccin, comme ils"
"1243580","1245920"," peuvent agir également sur les cellules présentatrices d "
"1245920","1249460","'antigènes, notamment les macrophages, en stimulant les costumes"
"1249460","1251760"," d'activation des lymphocytes, notamment T."
"1252380","1255920"," Les plus utilisées depuis des années, ce sont"
"1255920","1259560"," les selles d'aluminium et ces derniers sont"
"1259560","1263140"," capables d'induire une bonne réponse anticorps. "
"1263140","1267040"," Cependant, ces selles d'aluminium sont incriminées dans"
"1267040","1269240"," l'induction de certaines toxicités."
"1270520","1273600"," Un exemple de toxicité liée à l'utilisation"
"1273600","1277360"," de ces adjuvants à base d'aluminium est"
"1277360","1279240"," une maladie qu'on appelle l'aminophagite à"
"1279240","1279900"," macrophages."
"1280860","1283720"," C'est pourquoi on a tendance actuellement à"
"1283720","1286520"," les supplanter par d'autres types d'adjuvants"
"1286520","1291040"," non-alumiques, type phosphate de calcium, qui sont"
"1291040","1295900"," couramment utilisés dans le vaccin d'Evteri et"
"1295900","1299160"," Thetanos polio, et d'autres essais aussi, notamment"
"1299160","1302360"," dans les vaccins de la grippe, où on"
"1302360","1305520"," de plus en plus utilise des substances type"
"1305520","1307200"," scalène, liposome, virose. "
"1311830","1314490"," Il y a également lieu de considérer certains"
"1314490","1317570"," facteurs pouvant influencer la qualité de la réponse"
"1317570","1319990"," immunitaire post-vaccinale, notamment au long de l "
"1319990","1320130","'âge."
"1320990","1323110"," Ainsi, chez le nouveau-né, la présence d "
"1323110","1325590","'anticorps maternels peut inhiber la qualité de la"
"1325590","1327250"," réponse immunitaire post-vaccinale."
"1327790","1331150"," De même, les antigènes à base de polysaccharides"
"1331150","1334250"," sont généralement inefficaces jusqu'à l'âge de"
"1334250","1334610"," 2 ans. "
"1334950","1337290"," C'est pourquoi, chez cette tranche d'âge,"
"1337350","1340310"," il est préférable, ou même recommandé, d'utiliser"
"1340310","1343470"," plutôt des vaccins qui sont conjugués."
"1344070","1346750"," Chez les personnes âgées, où on assiste à"
"1346750","1350530"," un vieillissement du système immunitaire, avec diminution de"
"1350530","1352850"," la réactivité vis-à-vis du vaccin, il"
"1352850","1355990"," y a souvent une diminution des titres d "
"1355990","1359790","'anticorps protecteurs, ce qui oblige parfois à procéder"
"1359790","1362890"," à une réactivation du système immunitaire par des"
"1362890","1364870"," rappels vaccinaux, parce que c'est nécessaire."
"1365870","1368630"," Le troisième facteur qui est aussi important, c "
"1368630","1371770","'est que devant des états de difficultés nucléaires,"
"1372190","1376730"," qui soient héréditaires ou acquis, certains vaccins peuvent"
"1376730","1382470"," être absolument contre-indiqués, ou bien ils doivent"
"1382470","1385570"," être déférés, si le cas des vaccins vivants"
"1385570","1386070"," atténués. "
"1386070","1389590"," Les exemples sont multiples, notamment la rubiole, la"
"1389590","1393690"," varicelle, la rougeole, les orients, l'uruslapolio, vaccins"
"1393690","1397910"," de la fébrule jaune, BCG, qui imposent des"
"1397910","1402030"," précautions strictes d'administration, soit de contre-indication"
"1402030","1404550"," absolue, soit d'administration déférée."
"1406070","1409030"," En cas de maladies chroniques, notamment en cas"
"1409030","1412330"," d'insuffisance rénale, pathopathie, pneumopathie, cardiopathie ou autre,"
"1412330","1418990"," ces patients, vu leur état clinique, ou le"
"1418990","1423070"," sois-disant déficit immunitaire que ces pathologies peuvent"
"1423070","1426590"," générer, nécessitent d'être vaccinés le plus précocement"
"1426590","1430470"," possible avant l'installation d'un déficit immunitaire"
"1430470","1432250"," qui leur posera un problème."
"1432250","1435830"," Donc, il est généralement recommandé de les vacciner"
"1435830","1440070"," assez précocement contre la grippe, ou bien contre"
"1440070","1443030"," le pneumococque, le mélingococque, les hépatites virales, afin"
"1443030","1445650"," de les protéger au maximum avant l'installation"
"1445650","1447470"," d'un état de déficit immunitaire. "
"1536900","1540420"," Pour finir avec ces textes de la vaccination,"
"1541380","1543480"," quelques mots sur les nouvelles approches vaccinales."
"1544620","1547980"," Dites assez approches modernes de vaccination, ils visent"
"1547980","1549520"," essentiellement certains types de cancers."
"1550520","1552920"," L'exemple le plus connu étant le vaccin"
"1552920","1556320"," dirigé contre le papillomavirus humain, HPV. "
"1556620","1559320"," Comme vous le savez, le HPV est incriminé"
"1559320","1561780"," dans la survenue du cancer de colitéra chez"
"1561780","1562180"," la femme."
"1563080","1564900"," C'est un cancer virulent induit."
"1564900","1570920"," Cette vaccination, en utilisant des protéines qui ressemblent"
"1570920","1572660"," ou qui miment les particules virales de l "
"1572660","1576460","'HPV, qu'on appelle VBL, pour Virus Particles"
"1576460","1581480"," Like, vont être utilisées pour induire la production"
"1581480","1583840"," d'anticorneutralisants vis-à-vis du virus au"
"1583840","1586620"," niveau de la surface de l'épithélium du"
"1586620","1586980"," colitéra. "
"1587860","1590760"," La deuxième approche de vaccination contre le tumor"
"1590760","1595400"," utilise des extraits antigéniques issus d'antigènes associés"
"1595400","1598460"," au tumor, comme les antigènes MAJ, qui sont"
"1598460","1600960"," généralement exprimés par certains types de cancers comme"
"1600960","1602780"," le cancer de la bici ou l'anum"
"1602780","1603100"," autre."
"1603100","1608380"," L'utilisation de ces extraits antigéniques va permettre"
"1608380","1612760"," de renforcer la réponse immunitaire de l'organisme,"
"1612960","1618540"," surtout de type CTL, pour renforcer les approches"
"1618540","1621940"," thérapeutiques qui sont adoptées pour le traitement de"
"1621940","1622680"," ces types de cancers."
"1623680","1628520"," La deuxième approche moderne de cette vaccination s "
"1628520","1631480","'appelle vaccin génique ou vaccin utilisant de l "
"1631480","1631820","'ADN. "
"1631820","1635760"," Il consiste à introduire dans une cellule un"
"1635760","1638080"," ADN qui va coder pour une protéine antigénique."
"1638860","1645160"," Cette protéine antigénique va être utilisée pour induire"
"1645160","1648880"," les réponses humorales et cellulaires spécifiques de l "
"1648880","1649780","'antigène."
"1649880","1655900"," L'exemple de cette utilisation concerne le virus"
"1655900","1656520"," de l'hépatite virale B."
"1786680","1789820"," Afin d'illustrer cet exemple d'approche de"
"1789820","1794260"," vaccination génique utilisant l'ADN, je vous propose"
"1794260","1799220"," une figure animée qui va vous décrire les"
"1799220","1801530"," principales étapes de cette approche vaccinale. "
"1802360","1805100"," D'abord, grâce à la technologie de génie"
"1805100","1809240"," génique, le gène de codon pour la protéine"
"1809240","1812640"," antigénique va être intégré dans un plasmide vaccinal"
"1812640","1814580"," qui est considéré comme un vecteur."
"1815400","1819680"," Une fois injecté dans un organisme, ce plasmide"
"1819680","1825460"," vaccinal va intégrer une cellule, après être transfecté"
"1825460","1828880"," au niveau du noyau, et suite à quoi"
"1828880","1831960"," on va assister à la transcription d'un"
"1831960","1840380"," ARN messager qui va traduire un message protéique."
"1840380","1843100"," Au niveau du site plasma de la cellule,"
"1844540","1850100"," ces protéines codées vont être dégradées grâce à"
"1850100","1852660"," ce qu'on appelle l'immunoproteasome qui va"
"1852660","1855340"," libérer un certain nombre d'antigènes. "
"1855960","1858460"," Ces antigènes d'intérêt vont d'une part"
"1858460","1861580"," être présentés ou assimilés au sein des molécules"
"1861580","1864860"," CMH classe 1 et d'autre part libérés"
"1864860","1867220"," dans le secteur extracellulaire."
"1868220","1871860"," Au premier, les molécules CMH classe 1 vont"
"1871860","1876060"," s'occuper de présenter des antigènes peptidiques à"
"1876060","1879340"," des lymphocytes TCD8 et ainsi induire une réponse"
"1879340","1883460"," cellulaire cytotoxique, en même temps des lymphocytes TCD8"
"1883460","1883920"," mémoires."
"1884500","1889480"," De l'autre côté, ces antigènes solubles dans"
"1889480","1892900"," l'immunextracellulaire vont permettre à des cellules présentant"
"1892900","1896460"," ces antigènes de prendre en charge ces antigènes"
"1896460","1901320"," extracellulaires pour les assimiler à des molécules CMH"
"1901320","1903840"," classe 2 pour les présenter de l'autre"
"1903840","1907000"," côté à des lymphocytes TCD4 et ainsi induire"
"1907000","1908660"," des lymphocytes T mémoires. "
"1908900","1912700"," De l'autre côté, ces antigènes extracellulaires vont"
"1912700","1915700"," servir, grâce à l'intervention de ces lymphocytes"
"1915700","1919340"," TCD4, à l'activation des lymphocytes B pour"
"1919340","1922960"," produire des anticorps grâce à la différenciation des"
"1922960","1926780"," plasmocytes pour les anticorps et également à générer"
"1926780","1927880"," des lymphocytes B mémoires."
"1927980","1932140"," Comme ça, on a quasiment une contribution aussi"
"1932140","1934300"," bien de l'immunité morale que de l "
"1934300","1939860","'immunité cellulaire dans cette approche vaccinale qui est"
"1939860","1942900"," adoptée, par exemple, contre le virus de l "
"1942900","1943300","'hépatite B."
"1946400","1950660"," Le deuxième axe de ce cours concerne l "
"1950660","1953300","'utilisation des immunoglobulines polyvalentes."
"1953980","1959600"," Les immunoglobulines polyvalentes correspondent à des immunoglobulines type"
"1959600","1964340"," polyclonal ou anticorps polyclonaux qui sont issus généralement"
"1964340","1968620"," de plusieurs clones de plasmocytes ayant différents ésotypes,"
"1968900","1971300"," différents aldotypes et différents héliotypes. "
"1971300","1973920"," Elles sont obtenues à partir de plasmas de"
"1973920","1976720"," plusieurs donneurs après des procédés de purification et"
"1976720","1977580"," de concentration."
"1978580","1983060"," Leur composition est majoritairement faite des GG, donc"
"1983060","1985800"," plus de 95% des cas, avec une"
"1985800","1989640"," distribution similaire de celle de l'homme en"
"1989640","1992500"," termes de ce classe des GG1, GG2, GG3"
"1992500","1993200"," et GG4."
"1993840","1996980"," Elles comportent également un faible taux d'IGA"
"1996980","1997740"," et d'IGM. "
"1997740","2002220"," Leur mode d'administration se fait majoritairement parfois"
"2002220","2005080"," intraveineuse, mais également parfois sous-cutanée."
"2006460","2009300"," Les principaux mécanismes d'action de ces immunoglobulines"
"2009300","2014560"," polyvalentes sont illustrés par la figure suivante."
"2015480","2017780"," Leur action peut s'exercer aussi bien au"
"2017780","2019300"," niveau de l'immunité immune que de l "
"2019300","2020220","'immunité adaptative. "
"2020220","2024460"," Comme vous allez voir, ces immunoglobulines sont capables"
"2024460","2029500"," de bloquer ou d'inhiber l'activation des"
"2029500","2035100"," récepteurs FC-Gamma, notamment des cellules macrophagiques ou"
"2035100","2036880"," d'autres cellules de l'immunité innée."
"2038780","2042680"," Deuxièmement, elles sont douées d'une capacité d "
"2042680","2048300","'inhibition des polyglucanthrophiles, avec en l'occurrence l "
"2048300","2053400","'inhibition de la production des désidés, notamment d "
"2053400","2054920","'oxydes nétriques."
"2056860","2061880"," Ces immunoglobulines neutralisent également les composants activés du"
"2061880","2066139"," complément, comme ils peuvent également neutraliser les autres"
"2066139","2069179"," anticorps dans le cadre des maladies auto-immunes. "
"2069179","2074440"," A côté de ça, les immunoglobulines sont douées"
"2074440","2076340"," d'une capacité modulatrice vis-à-vis des"
"2076340","2076860"," cytokines."
"2077920","2082460"," Elles inhibent les cytokines dites inflammatoires ou pro "
"2082460","2085699","-inflammatoires, en l'occurrence l'interleukin A beta,"
"2085980","2089120"," l'interferon Gamma, l'interleukin 17, le TNF"
"2089120","2092420"," alpha et les autres, avec aussi la capacité"
"2092420","2098080"," d'augmenter les cytokines dites anti-inflammatoires, tels"
"2098080","2100880"," que le récepteur de l'interleukin A, qui"
"2100880","2104940"," est une cytokine anti-interleukin A, et également"
"2104940","2105940"," l'interleukin 10."
"2106820","2110500"," Ces différents effets modulateurs sont généralement utilisés pour"
"2110500","2114800"," traiter certaines maladies inflammatoires et auto-immunes. "
"2114800","2121020"," A partir de ces différents mécanismes d'action"
"2121020","2124740"," décrits dans la figure précédente, on peut voir"
"2124740","2128240"," que les indications des immunoglobulines polyvalentes peuvent se"
"2128240","2131960"," concevoir avec deux objectifs."
"2132920","2137380"," Le premier objectif étant à visée substitutive, lorsqu "
"2137380","2139080","'il s'agit de corriger un déficit immoral"
"2139080","2143920"," au cours des déficits immunitaires héréditaires, notamment devant"
"2143920","2148680"," les situations d'un gamma-globulinémie héréditaire, des"
"2148680","2152400"," déficits immunitaires combinés sévères, des déficits immunitaires communs"
"2152400","2155960"," variables qui s'accompagnent généralement d'une hypogammaglobulinémie,"
"2156220","2159440"," soit modérée ou sévère, et également au cours"
"2159440","2160780"," du syndrome de Biscott-Aldrich."
"2161940","2165960"," Deuxièmement, vous avez les cas d'hypogammaglobulinémie secondaire"
"2165960","2170140"," à des situations pathologiques, telles que la leucémie"
"2170140","2171880"," d'un fouet de chronique, le miel homme,"
"2172480","2175200"," les infections à 5V sur zone après une"
"2175200","2178080"," greffe leumorosaise, et les cas de sida de"
"2178080","2178500"," l'enfant. "
"2179000","2183220"," Ces situations, hormis l'existence d'une hypogammaglobulinémie,"
"2183900","2185760"," il y a souvent des infections récurrentes qui"
"2185760","2189800"," imposent l'utilisation de ces immunoglobulines à visée"
"2189800","2191000"," immunomodulatrice."
"2191980","2197640"," Justement, cette deuxième indication qui vise l'aspect"
"2197640","2203100"," ou un objectif immunomodulateur, visant la régulation des"
"2203100","2206280"," réponses immunitaires qui sont en déséquilibre, c'est"
"2206280","2210780"," le cas de l'utilisation en infectiologie, dans"
"2210780","2215220"," plusieurs situations, d'infections type tétanique ou deftérique,"
"2215660","2218460"," de rubiole ou de rage, Dans ce cas "
"2218460","2221080","-là, c'est une utilisation en termes de"
"2221080","2225620"," séroprophylaxie, qui permet justement d'agir sur des"
"2225620","2229220"," agents pathogènes qui sont très dangereux, et l "
"2229220","2233120","'administration des immunoglobulines polyvalentes permet justement de réguler"
"2233120","2239040"," les réponses immunitaires et de neutraliser les toxines"
"2239040","2240700"," associées à ces agents pathogènes."
"2241400","2244540"," Deuxième indication en immunomathologie qui est très connue,"
"2244540","2247020"," c'est au cours de l'allo-immunisation"
"2247020","2252020"," antérégis ou d'incompatibilité photomathèque antérégis, on est"
"2252020","2255360"," obligé d'administrer des sérums anti-T antérégis"
"2255360","2258240"," pour prévenir la survenue de cette allo-immunisation"
"2258240","2263560"," qui risque de générer la maladie hémolithique du"
"2263560","2263860"," nouveau-né. "
"2264440","2270060"," La troisième indication qui est dans le cadre"
"2270060","2274220"," de cet objectif immunomodulateur, ce sont les maladies"
"2274220","2275760"," auto-immunes et inflammatoires."
"2276160","2278680"," La liste est non-exhaustive."
"2279420","2282680"," Plusieurs maladies justifient l'utilisation de ces immunoglobulines"
"2282680","2283380"," polyvalentes. "
"2283540","2287140"," En premier, la thrombopine auto-immune, la myasthenie,"
"2287240","2290180"," maladie auto-immune aussi, maladies de Kawasaki comme"
"2290180","2293460"," le vascularite, les réactions du griffon contre l "
"2293460","2296800","'hôte, les poly-radiculonibriques de Guillain-Barré, et"
"2296800","2297300"," ainsi de suite."
"2297300","2301220"," Les indications sont de plus en plus larges"
"2301220","2304020"," et justifient leur utilisation."
"2305300","2309000"," Le troisième et dernier axe de cette immunothérapie"
"2309000","2311260"," concerne l'immunosuppression. "
"2312840","2317580"," L'immunothérapie suppressive est fondée sur l'utilisation"
"2317580","2319420"," de principaux traitements suivants."
"2320060","2321540"," En premier, les corticosteroïdes."
"2322200","2325040"," Deuxièmement, les médicaments immunosuppresseurs. "
"2325040","2328360"," Et troisièmement, les anticorps monoclonaux."
"2329380","2332140"," Les médicaments qui sont les plus utilisés en"
"2332140","2336120"," pratique ligne comme immunosuppresseurs sont les corticosteroïdes."
"2336960","2338920"," Ces derniers sont en effet doués d'une"
"2338920","2341860"," double propriété qui est à la fois immunosuppressive"
"2341860","2343160"," et anti-inflammatoire. "
"2344000","2348560"," Ces médicaments sont capables d'inhiber plusieurs acteurs"
"2348560","2350800"," de l'immunité, à savoir des lapocytes T,"
"2350800","2352980"," des lapocytes B en inhibant la production d "
"2352980","2356680","'anticorps, également la production de cytokines."
"2357720","2361220"," Ils inhibent aussi l'activité de cellules macrophagiques"
"2361220","2362480"," et des neutrophiles."
"2363520","2365680"," Ils inhibent également la production des dérivés de"
"2365680","2369700"," la sédarachidonique en inhibant l'enzyme clé de"
"2369700","2372900"," la synthèse de ces prostaglandines et le quatrième,"
"2373000","2375080"," notamment la phospholipase A2. "
"2376500","2380420"," Troisièmement, vous avez donc l'action inhibitrice sur"
"2380420","2383020"," les protéines et les dérivés d'azote, notamment"
"2383020","2388880"," l'oxyde nétrique, en inhibant la synthèse de"
"2388880","2393360"," ces dérivés d'azote en agissant sur la"
"2393360","2394340"," NO-synthase."
"2395280","2399300"," Puis en dernier, ces corticosteroïdes sont capables d "
"2399300","2401740","'induire la puctose des thémocytes et des lapocytes"
"2401740","2402320"," T activés."
"2404100","2408580"," Puis en deuxième lieu, les molécules dites proprement"
"2408580","2414640"," immunosuppressives, ces derniers sont classés généralement selon leurs"
"2414640","2417720"," modes d'action en six principales catégories. "
"2418340","2424200"," On distingue des molécules antimétabolites, des anticalcinerines, des"
"2424200","2429800"," antimétotiques, des molécules antiprolifératives, ce qu'on appelle"
"2429800","2435440"," des sérums antilymphocytaires, appelés aussi globulines antithémocytes ou"
"2435440","2439160"," ATG ou timoglobulines, et puis en dernier, les"
"2439160","2441220"," inhibiteurs sélectifs de la co-stimulation."
"2577000","2581860"," Afin d'illustrer l'action des différents immunosuppresseurs"
"2581860","2584720"," sur les cellules de l'immunité, nous allons"
"2584720","2588340"," voir à travers cette figure, en l'occurrence"
"2588340","2592060"," lorsqu'il s'agit d'une communication intercellulaire,"
"2592660","2594080"," qu'il y ait une cellule présentatrice d "
"2594080","2597960","'antigènes, un lymphocyté, avec les différentes étapes d "
"2597960","2601560","'activation et de prolifération cellulaire, que ces molécules"
"2601560","2605680"," immunosuppressives, lorsqu'elles sont administrées, agissent à plusieurs"
"2605680","2606040"," niveaux."
"2606680","2609480"," Un, lorsque l'on administre un sérum antilymphocytaire,"
"2610420","2614100"," qu'on appelle ATG ou timoglobuline, ces molécules"
"2614100","2618000"," agissent au niveau des molécules de surface de"
"2618000","2621720"," l'lymphocyté, en l'occurrence le TCR, les"
"2621720","2625280"," molécules CD28 et également les molécules CMH de"
"2625280","2626720"," la cellule présentatrice d'antigènes. "
"2627540","2629860"," Deuxièmement, on peut agir de façon ciblée à"
"2629860","2632860"," travers les inhibiteurs des signaux de co-stimulation"
"2632860","2637380"," sur la molécule CD80-86 ou la molécule"
"2637380","2639640"," dite B7-1-2."
"2639640","2645360"," Troisièmement, l'action des immunosuppresseurs peut intéresser la"
"2645360","2648640"," voie du calcium qui est impliqué dans la"
"2648640","2651160"," transduction du signal d'activation de l'lymphocyté"
"2651160","2656220"," en agissant justement sur les calcinerines activées grâce"
"2656220","2657440"," aux anticalcinerines."
"2658700","2661040"," Quatrièmement, vous avez une action qui s'effectue"
"2661040","2665000"," au niveau du noyau grâce aux molécules dites"
"2665000","2669640"," antiméthotiques et également les corticostéroïdes qui agissent sur"
"2669640","2673440"," l'ADN pour l'inhiber et particulièrement en"
"2673440","2675820"," agissant sur le gène qui va coder pour"
"2675820","2678760"," l'interleukine 2, la cytokine, qui est impliqué"
"2678760","2682360"," dans l'activation et la prolifération de l "
"2682360","2682900","'lymphocyté. "
"2683760","2686520"," Cinquièmement, vous avez une action qui est dite"
"2686520","2691100"," antiproliférative qui consiste à agir sur le second"
"2691100","2693880"," messager de l'interleukine 2, donc une enzyme"
"2693880","2695980"," qu'on appelle la rapamycine."
"2695980","2699420"," Donc vous avez les molécules anti-mTOR qui"
"2699420","2702200"," inhibe cette enzyme qui régule la prolifération cellulaire"
"2702200","2706560"," grâce à différentes molécules, en particulier le sirolimus"
"2706560","2707200"," et autres."
"2708000","2711220"," Puis en dernier, vous avez donc des molécules"
"2711220","2716320"," dites antimétabolites qui agissent sur l'ensemble du"
"2716320","2720680"," métabolisme cellulaire grâce notamment à l'action exercée"
"2720680","2725860"," par l'adatioprime, pour agir au niveau des"
"2725860","2728600"," différents cycles de division cellulaire et de prolifération. "
"2730460","2734800"," Afin de récapituler l'ensemble des mécanismes précédemment"
"2734800","2739620"," décrits, ce tableau rapporte l'ensemble des molécules"
"2739620","2742740"," ou de classes de molécules immunosuppressives utilisées en"
"2742740","2746620"," pratique clinique avec des exemples de médicaments, notamment"
"2746620","2752060"," des exemples d'antimétabolites, d'anti-calcineurines, d "
"2752060","2756820","'antimétotiques, d'antiprolifératifs ou anti-mTOR, de sérums"
"2756820","2763040"," antilafricitaires et également d'anti-CD8086 comme inhibiteurs"
"2763040","2764480"," des molécules de constimulation."
"2765620","2767840"," Au milieu, vous avez le principal mécanisme d "
"2767840","2770860","'action exercé par chacune de ces catégories de"
"2770860","2773920"," molécules et puis à droite, vous avez les"
"2773920","2778120"," indications cliniques qui sont ciblées ou bien parfois"
"2778120","2781100"," communes à plusieurs pathologies."
"2781660","2784160"," C'est le cas de l'action des"
"2784160","2788080"," antimétabolites pour prévenir le rejet aigu de grèves"
"2788080","2791420"," d'organes, notamment de rares, ou bien au"
"2791420","2794660"," cours des maladies auto-immunes, en deuxième intention"
"2794660","2795400"," en l'occurrence. "
"2795600","2799340"," Puis vous avez également les différentes indications concernant"
"2799340","2804340"," les maladies auto-immunes, certaines indications propres, notamment"
"2804340","2808520"," aux antimétotiques, en dermatologie, en médecine interne, en"
"2808520","2812040"," néphrologie, même en cancérologie aussi, lorsqu'il s "
"2812040","2814820","'agit d'administrer de l'endoxan dans un"
"2814820","2816160"," schéma thérapeutique particulier."
"2816860","2820140"," Et vous avez également l'immunosuppression qui est"
"2820140","2823240"," nécessaire, soit disant à gérer, ou bien qui"
"2823240","2826100"," est nécessaire à induire lorsque l'on utilise"
"2826100","2829420"," les sérums antilafricitaires qui est très utilisé, notamment"
"2829420","2832460"," pour le traitement du rejet aigu de grèves"
"2832460","2834800"," d'organes solides, en l'occurrence l'ore."
"2838260","2841740"," La dernière lignée thérapeutique adoptée dans le cadre"
"2841740","2844660"," de cette immunosuppression est en l'utilisation d "
"2844660","2845540","'anticorps monoclonaux. "
"2846460","2851080"," Les anticorps monoclonaux correspondent à des anticorps monospécifiques"
"2851080","2855080"," qui appartiennent à la famille de la biothérapie"
"2855080","2859000"," et sont produits par un clone unique de"
"2859000","2861280"," la fossile B, c'est-à-dire qu "
"2861280","2865160","'ils ont tous le même ézotype, le même"
"2865160","2866980"," anotype et le même édiotype."
"2868280","2872120"," Donc leur intérêt a été démontré en immunopathologie,"
"2873020","2874900"," mais dans beaucoup de maladies, notamment des maladies"
"2874900","2878400"," auto-immunes, des maladies inflammatoires, en cancérologie et"
"2878400","2879380"," également en infectiologie."
"2947150","2949490"," Tout d'abord, comment ces anticorps monoclonaux sont"
"2949490","2950590"," produits ?"
"2950590","2952990"," Il faut savoir que la production de ces"
"2952990","2956950"," anticorps a été réalisée grâce à la mise"
"2956950","2958910"," en place d'une technique de Libridon qui"
"2958910","2960870"," a valu à Kohler et Milstein le pré "
"2960870","2962050","-Nobel en 1975. "
"2962590","2965290"," Le principe de cette technique Libridon consiste à"
"2965290","2967770"," immuniser une souris par des antigènes."
"2968570","2972950"," Cette immunisation va induire la différenciation de plusieurs"
"2972950","2974610"," clones de la fossile B parmi lesquels on"
"2974610","2975590"," va choisir un clone."
"2976130","2977990"," Ce clone va être fusionné à une lignée"
"2977990","2981730"," myéloïde, cellule myélôme, qui va conférer à ce"
"2981730","2984770"," clone B un certain degré d'immortalité. "
"2985250","2987010"," C'est ce qu'on appelle justement Libridon,"
"2987210","2989470"," qui émane de la fusion d'un clone"
"2989470","2991130"," de la fossile B et d'une lignée"
"2991130","2991870"," myélômateuse."
"2992770","2996070"," Après, on va procéder à un clonage de"
"2996070","3000810"," ce Libridon issu de la fusion d'une"
"3000810","3002350"," cellule myélômateuse et d'un clone B."
"3002350","3006310"," Et le clonage avec sélection de ce clone"
"3006310","3010510"," B, qui prolifère de façon immortelle et continue,"
"3011990","3015170"," va être suivi d'une expansion clonale avec"
"3015170","3019470"," ensuite une purification des anticorps qui sont produits"
"3019470","3020560"," par ce plasmocyte."
"3020970","3024210"," Et après, on aura un seul clone d "
"3024210","3026690","'anticorps monoclonaux, comme j'ai dit, qui a"
"3026690","3029610"," le même ésotype, le même allotype et le"
"3029610","3030350"," même édiotype. "
"3033090","3036250"," Selon la composition structurelle de ces anticorps monoclonaux,"
"3036330","3039110"," on va distinguer généralement quatre catégories d'anticorps."
"3039330","3042070"," Soit ce sont des anticorps complètement d'origine"
"3042070","3046050"," murine, soit ce sont des anticorps chimériques, avec"
"3046050","3049030"," une partie de la souris et une partie"
"3049030","3049390"," de l'homme."
"3049750","3052870"," Ici, l'exemple de l'anticorps chimérique, dans"
"3052870","3055550"," lequel 25% de la structure appartient à"
"3055550","3058230"," la souris et 75% appartient à l "
"3058230","3058330","'homme. "
"3058330","3060010"," C'est-à-dire que la partie constante"
"3060010","3062010"," est entièrement d'origine humaine."
"3063210","3066530"," Troisièmement, vous avez un anticorps dit humanisé, dans"
"3066530","3069670"," lequel 90% de la structure appartient à"
"3069670","3071490"," l'issue de l'homme et 10%"
"3071490","3073750"," appartient uniquement à la souris, c'est-à "
"3073750","3076990","-dire uniquement les régions hypervariables, qui sont d "
"3076990","3077590","'origine murine."
"3077930","3078850"," Et puis à la fin, vous avez un"
"3078850","3080770"," anticorps complètement humain. "
"3081650","3084370"," Pour définir la nomenclature de l'anticorps monoclonal,"
"3085010","3086590"," on regarde deux composantes."
"3086590","3090510"," On regarde le préfixe et le suffixe."
"3091090","3092930"," Si je commence par le suffixe, vous avez"
"3092930","3096870"," toujours ce terminisant, mahab, mahab, c'est-à "
"3096870","3101890","-dire monoclonal antibodé, qui définit justement cette appellation"
"3101890","3104890"," anticorps monoclonale, alors que le préfixe va permettre"
"3104890","3106370"," de nous renseigner sur l'origine. "
"3107210","3110710"," Par exemple, si vous avez mon-mahab, avec"
"3110710","3113910"," l'appellation, comme exemple, c'est-à-dire,"
"3114150","3116490"," c'est un anticorps complètement murain."
"3117070","3120350"," Les im-mahab, vous avez donc un chimérisme,"
"3121410","3123250"," c'est-à-dire, ce sont des anticorps"
"3123250","3123830"," chimériques."
"3124230","3126190"," Vous avez des exemples qui sont très utilisés"
"3126190","3128810"," en pratique, le rétuximab ou bien l'infliximab,"
"3129410","3131410"," qui sont tout simplement des anticorps anti-CD20. "
"3132030","3133230"," Vous avez également les im-mahab."
"3133850","3136810"," Les im-mahab témoignent de la qualité humanisée"
"3136810","3137390"," de ces anticorps."
"3138170","3141010"," Là aussi, vous avez des exemples, surtout les"
"3141010","3142430"," im-mahab ou nata-les-im-mahab. "
"3142750","3144330"," Et puis à la fin, vous avez l "
"3144330","3147770","'anticorps complètement humain, qui commence par un préfixe"
"3147770","3150690"," qui est mu-mahab, donc avec des exemples,"
"3151430","3152890"," qui sont là aussi très connus et très"
"3152890","3155990"," utilisés, la dalimu-mahab, qui est l'antithène"
"3155990","3156450"," alpha."
"3160110","3162370"," À propos des modes d'action des anticorps"
"3162370","3166050"," monoclonaux, on va voir que ces anticorps assurent"
"3166050","3170190"," plusieurs fonctions effectrices, à différents niveaux, et de"
"3170190","3171490"," différentes façons."
"3172350","3175010"," Vous avez ici, à travers les schémas, en"
"3175010","3178630"," bas, comment ces anticorps monoclonaux peuvent détruire une"
"3178630","3181510"," cellule cible par un simple phénomène d'ADCC,"
"3181670","3184330"," c'est-à-dire une toxicité cellulaire dépendant"
"3184330","3186090"," des anticorps, ou bien du complément qu'on"
"3186090","3186830"," appelle CDCC. "
"3187870","3191410"," Ils sont également capables d'optionniser en entourant,"
"3192470","3195190"," soit disant en cerclant une cellule cible pour"
"3195190","3198750"," la ramener vers une cellule phagocytaire en vue"
"3198750","3201590"," de la détruire par phagocytose."
"3202070","3203910"," Vous avez donc leur capacité à activer soit"
"3203910","3206730"," le complément ou bien agir sur les signaux"
"3206730","3209390"," de l'apoptose, de la mort cellulaire, pour"
"3209390","3210470"," détruire une cellule cible."
"3211450","3215610"," Vous avez aussi leur capacité à inhiber, à"
"3215610","3220050"," neutraliser, soit l'interaction d'une cellule, d "
"3220050","3222910","'un contact cellulaire, en agissant sur des intégrines"
"3222910","3226750"," exprimées par des cellules telles que les monocytes"
"3226750","3230110"," ou bien les polynucléaires, ou bien sur un"
"3230110","3232970"," ligand, son récepteur, lorsqu'il s'agit d "
"3232970","3234810","'agir sur des facteurs de croissance. "
"3235630","3238090"," C'est l'exemple de certains tumeurs qui"
"3238090","3243000"," expriment des récepteurs, des facteurs de croissance."
"3243750","3246010"," Donc le principe des anticorps monocloques consiste à"
"3246010","3249270"," inhiber ces facteurs de croissance et leurs ligands"
"3249270","3252750"," afin d'empêcher, de priver ces tumeurs des"
"3252750","3254310"," facteurs de croissance dont il a besoin."
"3254310","3257510"," Et puis en dernier, vous avez cette capacité"
"3257510","3260290"," d'immunomodulation en bloquant ce qu'on appelle"
"3260290","3261970"," des molécules de co-stimulation, ce qu'on"
"3261970","3262930"," appelle des checkpoints. "
"3263630","3266250"," L'exemple ici qui est utilisé en cancérologie"
"3266250","3269930"," par exemple, comme vous le savez, la cellule"
"3269930","3273530"," tumorale, la capacité, certains cellules tumorales ont la"
"3273530","3277950"," capacité d'inhiber l'action des lymphocytes tissus"
"3277950","3278450"," toxiques."
"3279730","3280350"," Comment ?"
"3280350","3285230"," Ils vont tout simplement utiliser des checkpoints, ils"
"3285230","3285710"," les bloquent."
"3286990","3289950"," Et du coup, l'exemple ici de CTLA4"
"3289950","3292630"," qui est une molécule qui utilise le même"
"3292630","3297170"," ligand que le CD28 et l'injection ou"
"3297170","3300110"," l'administration d'anticorps monoclonaux va permettre de"
"3300110","3303010"," lever cette inhibition exercée par la cellule tumorale"
"3303630","3308010"," en bloquant justement ces molécules inhibitrices qui ont"
"3308010","3312870"," une action inhibitrice sur la cellule CD28 par"
"3312870","3313770"," la cellule tumorale. "
"3314390","3317110"," Donc ces anticorps ont des points de contrôle"
"3317110","3318910"," qu'on appelle les anticorps anti-checkpoints."
"3386230","3388750"," En pratique clinique, les anticorps monoclonaux ont plusieurs"
"3388750","3389370"," indications."
"3391130","3393770"," Des exemples comme les anticorps anti-TNF-alpha"
"3393770","3396650"," sont utilisés au cours des maladies inflammatoires chroniques"
"3396650","3400450"," et même aiguës, sévères, telles que la poulea"
"3400450","3405190"," sutrimatoïde, l'arthrite juvénile idiopathique, les spondéarthropathies, le"
"3405190","3409630"," rheumatisme psoriatique, les maladies inflammatoires chroniques intestinales et"
"3409630","3410650"," certains chocs septiques. "
"3411410","3414110"," D'autre part, les inhibiteurs de cytokines inflammatoires"
"3414110","3417770"," tels que les NTLA, anti-interleukine 6, sont"
"3417770","3420690"," utilisés aussi au cours des formes systémiques de"
"3420690","3423170"," certaines maladies inflammatoires chroniques et également au cours"
"3423170","3425970"," de certaines maladies dites anti-inflammatoires ou maladies"
"3425970","3427210"," de l'inflammasome."
"3427850","3430150"," Troisièmement, vous avez une molécule qui est très"
"3430150","3432890"," utilisée, on l'appelle l'oréthuximab, qui cible"
"3432890","3435710"," la molécule CD20, qui caractérise les lymphocytes B,"
"3436350","3439070"," au cours des lymphomes folliculaires qui surexpriment justement"
"3439070","3440550"," cette molécule CD20."
"3441170","3443250"," Et puis vous avez également des formes sévères"
"3443250","3445670"," et résistantes de l'APR qui sont résistantes"
"3445670","3447610"," aux autres traitements tels que le méthotrexate ou"
"3447610","3448570"," autres immunosuppresseurs. "
"3449130","3451310"," Et puis vous avez l'oréthudiation de plus"
"3451310","3453010"," en plus large en cancérologie."
"3453510","3454870"," On va voir des exemples et des modes"
"3454870","3457510"," d'action sur la figure suivante."
"3459110","3461790"," Sur cette figure, vous allez voir des exemples"
"3461790","3465770"," d'anticorps monoclonaux utilisés en cancérologie. "
"3466510","3469750"," Notamment l'exemple ici d'anticorps anti-CD20"
"3469750","3474410"," tel que l'oréthuximab ou d'autres qui"
"3474410","3477910"," ciblent le CD20 au cours des lymphomes nonotchkiniens"
"3477910","3480070"," ou bien au cours de l'anastasie mélaphoïque"
"3480070","3480510"," chronique."
"3481350","3482870"," Il y a également d'autres qui sont"
"3482870","3485070"," utilisés en cancérologie sain ou bien en cancer"
"3485070","3490970"," gastrique qui ciblent le récepteur HR2, NEU c "
"3490970","3493770","'est-à-dire le facteur de croissance associé"
"3493770","3495070"," au cancer du sein."
"3495650","3498130"," Et vous avez également ceux qui ciblent les"
"3498130","3501890"," facteurs de croissance vasculaires, le GFR dans le"
"3501890","3505250"," cancer du coulant, concernant la sphère orale et"
"3505250","3509410"," d'autres également du coulant ou le myelôme"
"3509410","3511630"," qui ciblent justement certaines molécules qu'on appelle"
"3511630","3514950"," SLAM ce sont des molécules de signalisation associées"
"3514950","3516690"," à ce type de cancer. "
"3517310","3519970"," Bref, vous avez beaucoup d'applications d'anticorbonoclones"
"3519970","3523810"," en cancérologie qui ont démontré leur application leur"
"3523810","3528150"," intérêt clinique dans les approches thérapeutiques adoptées pour"
"3528150","3530530"," traiter ce type de cancer."
"3531190","3533250"," A la fin, pour conclure sur l'ensemble"
"3533250","3535970"," des axes abordés dans ce cours je reviens"
"3535970","3539610"," sur quelques éléments clés pour rappeler que le"
"3539610","3542650"," concept de vaccination est tout simplement l'art"
"3542650","3546010"," d'induire une réponse immunitaire adaptative qui soit"
"3546010","3549950"," protectrice contre un agent pathogène grâce notamment au"
"3549950","3551570"," développement de la mémoire immunologique."
"3552510","3556850"," La réussite de toute stratégie vaccinale est tributaire"
"3556850","3559370"," de trois principaux paramètres le premier étant le"
"3559370","3562650"," type d'agent pathogène et de son écosystème. "
"3563770","3565330"," Il faut dire que certains agents pathogènes tels"
"3565330","3568250"," que les parasites certains virus et même des"
"3568250","3571810"," bactéries il n'y a pas encore de"
"3571810","3574250"," vaccins qui ont démontré leur efficacité mais leur"
"3574250","3574970"," possibilité."
"3575550","3577590"," Deuxièmement, vous avez le degré d'immunogénéité du"
"3577590","3581030"," vaccin et puis le système immunitaire de l "
"3581030","3584250","'ODS il faut absolument être sûr qu'il"
"3584250","3585510"," n'y a pas de déficit immunitaire qui"
"3585510","3588530"," empêche le développement d'une réponse immunitaire post "
"3588530","3589050","-vaccinale."
"3590610","3593510"," Deuxièmement, lorsqu'on arrive au niveau des immunoglobulins"
"3593510","3597670"," polyvalents il faut rappeler que grâce à leur"
"3597670","3603110"," potentiel immunomodulateur ces immunoglobulins ont actuellement des indications"
"3603110","3606310"," de plus en plus larges certes à visée"
"3606310","3610450"," substitutive pour corriger un déficit immunitaire et moral"
"3610450","3614530"," mais également au cours des maladies infectieuses inflammatoires"
"3614530","3615590"," et auto-immunes. "
"3616390","3619890"," Et puis en troisième lieu l'immunothérapie suppressive"
"3619890","3623910"," qui est certainement largement utilisée en pratique clinique"
"3623910","3627170"," fait appel à plusieurs molécules notamment les corticoïdes,"
"3627310","3631090"," les immunosuppresseurs et les anticorps monoclonaux et le"
"3631090","3633510"," principe général de cette immunosuppression étant d'inhiber"
"3633510","3635430"," des cellules de l'immunité à différents niveaux."
"3637210","3640070"," Les anticorps monoclonaux qui font partie de cette"
"3640070","3645610"," appellation biothérapie a actuellement révolutionné le concept d "
"3645610","3649690","'immunothérapie grâce notamment à leur propriété aussi bien"
"3649690","3651710"," immunosuppressive qu'immunomodulatrice."
"3655900","3659100"," Cette immunothérapie à base d'anticorps monoclonaux a"
"3659100","3664660"," actuellement plusieurs applications notamment pour traiter ou prévenir"
"3664660","3667680"," les rejets de greffe d'organes et d "
"3667680","3671040","'homologes pour prendre en charge des maladies inflammatoires"
"3671040","3674240"," et auto-inflammatoires, des maladies infectieuses et également"
"3674240","3675200"," en cancérologie. "
"3676400","3679480"," Sur ce, le cours étant terminé je vous"
"3679480","3680600"," remercie pour votre attention. "
